Token,Type,Accuracy,Precision,Recall,F1-Score,Results,tomato/tomato_4,cylinder/cylinder_1,cube/cube_3,lemon/lemon_2,potato/potato_1,cuboid/cuboid_2,plum/plum_4,corn/corn_3,semicylinder/semicylinder_4,carrot/carrot_3,cucumber/cucumber_3,eggplant/eggplant_2,orange/orange_1,triangle/triangle_2,cabbage/cabbage_3,arch/arch_1,banana/banana_2,lime/lime_2
arch,rgb,0.7963,0.7222,1.0,0.8387,,"Acc : 1.0, Prec : 1.0,Recall : 1.0, F1-Score : 1.0","Acc : 1.0, Prec : 1.0,Recall : 1.0, F1-Score : 1.0","Acc : 1.0, Prec : 1.0,Recall : 1.0, F1-Score : 1.0","Acc : 1.0, Prec : 1.0,Recall : 1.0, F1-Score : 1.0","Acc : 1.0, Prec : 1.0,Recall : 1.0, F1-Score : 1.0","Acc : 0.0, Prec : 0.0,Recall : 1.0, F1-Score : 0.0","Acc : 1.0, Prec : 1.0,Recall : 1.0, F1-Score : 1.0","Acc : 1.0, Prec : 1.0,Recall : 1.0, F1-Score : 1.0","Acc : 0.0, Prec : 0.0,Recall : 1.0, F1-Score : 0.0","Acc : 0.6667, Prec : 0.0,Recall : 1.0, F1-Score : 0.0","Acc : 0.6667, Prec : 0.0,Recall : 1.0, F1-Score : 0.0","Acc : 1.0, Prec : 1.0,Recall : 1.0, F1-Score : 1.0","Acc : 1.0, Prec : 1.0,Recall : 1.0, F1-Score : 1.0","Acc : 1.0, Prec : 1.0,Recall : 1.0, F1-Score : 1.0","Acc : 1.0, Prec : 1.0,Recall : 1.0, F1-Score : 1.0","Acc : 1.0, Prec : 1.0,Recall : 1.0, F1-Score : 1.0","Acc : 0.0, Prec : 0.0,Recall : 1.0, F1-Score : 0.0","Acc : 1.0, Prec : 1.0,Recall : 1.0, F1-Score : 1.0"
arch,shape,0.9583,1.0,0.9444,0.9714,,"Acc : 1.0, Prec : 1.0,Recall : 1.0, F1-Score : 1.0","Acc : 1.0, Prec : 1.0,Recall : 1.0, F1-Score : 1.0","Acc : 1.0, Prec : 1.0,Recall : 1.0, F1-Score : 1.0","Acc : 1.0, Prec : 1.0,Recall : 1.0, F1-Score : 1.0","Acc : 1.0, Prec : 1.0,Recall : 1.0, F1-Score : 1.0","Acc : 1.0, Prec : 1.0,Recall : 1.0, F1-Score : 1.0","Acc : 1.0, Prec : 1.0,Recall : 1.0, F1-Score : 1.0","Acc : 1.0, Prec : 1.0,Recall : 1.0, F1-Score : 1.0","Acc : 1.0, Prec : 1.0,Recall : 1.0, F1-Score : 1.0","Acc : 1.0, Prec : 1.0,Recall : 1.0, F1-Score : 1.0","Acc : 1.0, Prec : 1.0,Recall : 1.0, F1-Score : 1.0","Acc : 1.0, Prec : 1.0,Recall : 1.0, F1-Score : 1.0","Acc : 1.0, Prec : 1.0,Recall : 1.0, F1-Score : 1.0","Acc : 1.0, Prec : 1.0,Recall : 1.0, F1-Score : 1.0","Acc : 1.0, Prec : 1.0,Recall : 1.0, F1-Score : 1.0","Acc : 0.25, Prec : 1.0,Recall : 0.0, F1-Score : 0.0","Acc : 1.0, Prec : 1.0,Recall : 1.0, F1-Score : 1.0","Acc : 1.0, Prec : 1.0,Recall : 1.0, F1-Score : 1.0"
banana,rgb,0.9722,0.9444,1.0,0.9714,,"Acc : 1.0, Prec : 1.0,Recall : 1.0, F1-Score : 1.0","Acc : 1.0, Prec : 1.0,Recall : 1.0, F1-Score : 1.0","Acc : 1.0, Prec : 1.0,Recall : 1.0, F1-Score : 1.0","Acc : 1.0, Prec : 1.0,Recall : 1.0, F1-Score : 1.0","Acc : 1.0, Prec : 1.0,Recall : 1.0, F1-Score : 1.0","Acc : 1.0, Prec : 1.0,Recall : 1.0, F1-Score : 1.0","Acc : 1.0, Prec : 1.0,Recall : 1.0, F1-Score : 1.0","Acc : 1.0, Prec : 1.0,Recall : 1.0, F1-Score : 1.0","Acc : 1.0, Prec : 1.0,Recall : 1.0, F1-Score : 1.0","Acc : 1.0, Prec : 1.0,Recall : 1.0, F1-Score : 1.0","Acc : 1.0, Prec : 1.0,Recall : 1.0, F1-Score : 1.0","Acc : 1.0, Prec : 1.0,Recall : 1.0, F1-Score : 1.0","Acc : 1.0, Prec : 1.0,Recall : 1.0, F1-Score : 1.0","Acc : 1.0, Prec : 1.0,Recall : 1.0, F1-Score : 1.0","Acc : 1.0, Prec : 1.0,Recall : 1.0, F1-Score : 1.0","Acc : 1.0, Prec : 1.0,Recall : 1.0, F1-Score : 1.0","Acc : 0.5, Prec : 0.0,Recall : 1.0, F1-Score : 0.0","Acc : 1.0, Prec : 1.0,Recall : 1.0, F1-Score : 1.0"
banana,shape,0.9259,0.8889,1.0,0.9412,,"Acc : 1.0, Prec : 1.0,Recall : 1.0, F1-Score : 1.0","Acc : 1.0, Prec : 1.0,Recall : 1.0, F1-Score : 1.0","Acc : 1.0, Prec : 1.0,Recall : 1.0, F1-Score : 1.0","Acc : 1.0, Prec : 1.0,Recall : 1.0, F1-Score : 1.0","Acc : 1.0, Prec : 1.0,Recall : 1.0, F1-Score : 1.0","Acc : 1.0, Prec : 1.0,Recall : 1.0, F1-Score : 1.0","Acc : 1.0, Prec : 1.0,Recall : 1.0, F1-Score : 1.0","Acc : 1.0, Prec : 1.0,Recall : 1.0, F1-Score : 1.0","Acc : 1.0, Prec : 1.0,Recall : 1.0, F1-Score : 1.0","Acc : 0.6667, Prec : 0.0,Recall : 1.0, F1-Score : 0.0","Acc : 1.0, Prec : 1.0,Recall : 1.0, F1-Score : 1.0","Acc : 1.0, Prec : 1.0,Recall : 1.0, F1-Score : 1.0","Acc : 1.0, Prec : 1.0,Recall : 1.0, F1-Score : 1.0","Acc : 1.0, Prec : 1.0,Recall : 1.0, F1-Score : 1.0","Acc : 1.0, Prec : 1.0,Recall : 1.0, F1-Score : 1.0","Acc : 1.0, Prec : 1.0,Recall : 1.0, F1-Score : 1.0","Acc : 0.0, Prec : 0.0,Recall : 1.0, F1-Score : 0.0","Acc : 1.0, Prec : 1.0,Recall : 1.0, F1-Score : 1.0"
block,rgb,0.6454,0.5556,1.0,0.7143,,"Acc : 1.0, Prec : 1.0,Recall : 1.0, F1-Score : 1.0","Acc : 0.0, Prec : 0.0,Recall : 1.0, F1-Score : 0.0","Acc : 0.0, Prec : 0.0,Recall : 1.0, F1-Score : 0.0","Acc : 0.5, Prec : 0.0,Recall : 1.0, F1-Score : 0.0","Acc : 1.0, Prec : 1.0,Recall : 1.0, F1-Score : 1.0","Acc : 0.0, Prec : 0.0,Recall : 1.0, F1-Score : 0.0","Acc : 1.0, Prec : 1.0,Recall : 1.0, F1-Score : 1.0","Acc : 1.0, Prec : 1.0,Recall : 1.0, F1-Score : 1.0","Acc : 0.0, Prec : 0.0,Recall : 1.0, F1-Score : 0.0","Acc : 0.6667, Prec : 0.0,Recall : 1.0, F1-Score : 0.0","Acc : 1.0, Prec : 1.0,Recall : 1.0, F1-Score : 1.0","Acc : 1.0, Prec : 1.0,Recall : 1.0, F1-Score : 1.0","Acc : 1.0, Prec : 1.0,Recall : 1.0, F1-Score : 1.0","Acc : 0.2, Prec : 0.0,Recall : 1.0, F1-Score : 0.0","Acc : 1.0, Prec : 1.0,Recall : 1.0, F1-Score : 1.0","Acc : 0.25, Prec : 0.0,Recall : 1.0, F1-Score : 0.0","Acc : 1.0, Prec : 1.0,Recall : 1.0, F1-Score : 1.0","Acc : 1.0, Prec : 1.0,Recall : 1.0, F1-Score : 1.0"
block,shape,0.6062,0.4444,1.0,0.6154,,"Acc : 1.0, Prec : 1.0,Recall : 1.0, F1-Score : 1.0","Acc : 0.0, Prec : 0.0,Recall : 1.0, F1-Score : 0.0","Acc : 0.4, Prec : 0.0,Recall : 1.0, F1-Score : 0.0","Acc : 1.0, Prec : 1.0,Recall : 1.0, F1-Score : 1.0","Acc : 1.0, Prec : 1.0,Recall : 1.0, F1-Score : 1.0","Acc : 0.0, Prec : 0.0,Recall : 1.0, F1-Score : 0.0","Acc : 1.0, Prec : 1.0,Recall : 1.0, F1-Score : 1.0","Acc : 0.4, Prec : 0.0,Recall : 1.0, F1-Score : 0.0","Acc : 0.0, Prec : 0.0,Recall : 1.0, F1-Score : 0.0","Acc : 0.6667, Prec : 0.0,Recall : 1.0, F1-Score : 0.0","Acc : 0.6667, Prec : 0.0,Recall : 1.0, F1-Score : 0.0","Acc : 0.7778, Prec : 0.0,Recall : 1.0, F1-Score : 0.0","Acc : 1.0, Prec : 1.0,Recall : 1.0, F1-Score : 1.0","Acc : 0.0, Prec : 0.0,Recall : 1.0, F1-Score : 0.0","Acc : 1.0, Prec : 1.0,Recall : 1.0, F1-Score : 1.0","Acc : 0.0, Prec : 0.0,Recall : 1.0, F1-Score : 0.0","Acc : 1.0, Prec : 1.0,Recall : 1.0, F1-Score : 1.0","Acc : 1.0, Prec : 1.0,Recall : 1.0, F1-Score : 1.0"
blue,rgb,1.0,1.0,1.0,1.0,,"Acc : 1.0, Prec : 1.0,Recall : 1.0, F1-Score : 1.0","Acc : 1.0, Prec : 1.0,Recall : 1.0, F1-Score : 1.0","Acc : 1.0, Prec : 1.0,Recall : 1.0, F1-Score : 1.0","Acc : 1.0, Prec : 1.0,Recall : 1.0, F1-Score : 1.0","Acc : 1.0, Prec : 1.0,Recall : 1.0, F1-Score : 1.0","Acc : 1.0, Prec : 1.0,Recall : 1.0, F1-Score : 1.0","Acc : 1.0, Prec : 1.0,Recall : 1.0, F1-Score : 1.0","Acc : 1.0, Prec : 1.0,Recall : 1.0, F1-Score : 1.0","Acc : 1.0, Prec : 1.0,Recall : 1.0, F1-Score : 1.0","Acc : 1.0, Prec : 1.0,Recall : 1.0, F1-Score : 1.0","Acc : 1.0, Prec : 1.0,Recall : 1.0, F1-Score : 1.0","Acc : 1.0, Prec : 1.0,Recall : 1.0, F1-Score : 1.0","Acc : 1.0, Prec : 1.0,Recall : 1.0, F1-Score : 1.0","Acc : 1.0, Prec : 1.0,Recall : 1.0, F1-Score : 1.0","Acc : 1.0, Prec : 1.0,Recall : 1.0, F1-Score : 1.0","Acc : 1.0, Prec : 1.0,Recall : 1.0, F1-Score : 1.0","Acc : 1.0, Prec : 1.0,Recall : 1.0, F1-Score : 1.0","Acc : 1.0, Prec : 1.0,Recall : 1.0, F1-Score : 1.0"
blue,shape,0.8537,0.6667,1.0,0.8,,"Acc : 1.0, Prec : 1.0,Recall : 1.0, F1-Score : 1.0","Acc : 1.0, Prec : 1.0,Recall : 1.0, F1-Score : 1.0","Acc : 1.0, Prec : 1.0,Recall : 1.0, F1-Score : 1.0","Acc : 1.0, Prec : 1.0,Recall : 1.0, F1-Score : 1.0","Acc : 1.0, Prec : 1.0,Recall : 1.0, F1-Score : 1.0","Acc : 0.6, Prec : 0.0,Recall : 1.0, F1-Score : 0.0","Acc : 1.0, Prec : 1.0,Recall : 1.0, F1-Score : 1.0","Acc : 0.4, Prec : 0.0,Recall : 1.0, F1-Score : 0.0","Acc : 0.8, Prec : 0.0,Recall : 1.0, F1-Score : 0.0","Acc : 1.0, Prec : 1.0,Recall : 1.0, F1-Score : 1.0","Acc : 0.6667, Prec : 0.0,Recall : 1.0, F1-Score : 0.0","Acc : 1.0, Prec : 1.0,Recall : 1.0, F1-Score : 1.0","Acc : 1.0, Prec : 1.0,Recall : 1.0, F1-Score : 1.0","Acc : 0.4, Prec : 0.0,Recall : 1.0, F1-Score : 0.0","Acc : 1.0, Prec : 1.0,Recall : 1.0, F1-Score : 1.0","Acc : 0.5, Prec : 0.0,Recall : 1.0, F1-Score : 0.0","Acc : 1.0, Prec : 1.0,Recall : 1.0, F1-Score : 1.0","Acc : 1.0, Prec : 1.0,Recall : 1.0, F1-Score : 1.0"
brown,rgb,1.0,1.0,1.0,1.0,,"Acc : 1.0, Prec : 1.0,Recall : 1.0, F1-Score : 1.0","Acc : 1.0, Prec : 1.0,Recall : 1.0, F1-Score : 1.0","Acc : 1.0, Prec : 1.0,Recall : 1.0, F1-Score : 1.0","Acc : 1.0, Prec : 1.0,Recall : 1.0, F1-Score : 1.0","Acc : 1.0, Prec : 1.0,Recall : 1.0, F1-Score : 1.0","Acc : 1.0, Prec : 1.0,Recall : 1.0, F1-Score : 1.0","Acc : 1.0, Prec : 1.0,Recall : 1.0, F1-Score : 1.0","Acc : 1.0, Prec : 1.0,Recall : 1.0, F1-Score : 1.0","Acc : 1.0, Prec : 1.0,Recall : 1.0, F1-Score : 1.0","Acc : 1.0, Prec : 1.0,Recall : 1.0, F1-Score : 1.0","Acc : 1.0, Prec : 1.0,Recall : 1.0, F1-Score : 1.0","Acc : 1.0, Prec : 1.0,Recall : 1.0, F1-Score : 1.0","Acc : 1.0, Prec : 1.0,Recall : 1.0, F1-Score : 1.0","Acc : 1.0, Prec : 1.0,Recall : 1.0, F1-Score : 1.0","Acc : 1.0, Prec : 1.0,Recall : 1.0, F1-Score : 1.0","Acc : 1.0, Prec : 1.0,Recall : 1.0, F1-Score : 1.0","Acc : 1.0, Prec : 1.0,Recall : 1.0, F1-Score : 1.0","Acc : 1.0, Prec : 1.0,Recall : 1.0, F1-Score : 1.0"
brown,shape,0.9537,0.8333,1.0,0.9091,,"Acc : 1.0, Prec : 1.0,Recall : 1.0, F1-Score : 1.0","Acc : 1.0, Prec : 1.0,Recall : 1.0, F1-Score : 1.0","Acc : 1.0, Prec : 1.0,Recall : 1.0, F1-Score : 1.0","Acc : 1.0, Prec : 1.0,Recall : 1.0, F1-Score : 1.0","Acc : 0.75, Prec : 0.0,Recall : 1.0, F1-Score : 0.0","Acc : 1.0, Prec : 1.0,Recall : 1.0, F1-Score : 1.0","Acc : 1.0, Prec : 1.0,Recall : 1.0, F1-Score : 1.0","Acc : 1.0, Prec : 1.0,Recall : 1.0, F1-Score : 1.0","Acc : 1.0, Prec : 1.0,Recall : 1.0, F1-Score : 1.0","Acc : 0.6667, Prec : 0.0,Recall : 1.0, F1-Score : 0.0","Acc : 1.0, Prec : 1.0,Recall : 1.0, F1-Score : 1.0","Acc : 1.0, Prec : 1.0,Recall : 1.0, F1-Score : 1.0","Acc : 1.0, Prec : 1.0,Recall : 1.0, F1-Score : 1.0","Acc : 1.0, Prec : 1.0,Recall : 1.0, F1-Score : 1.0","Acc : 1.0, Prec : 1.0,Recall : 1.0, F1-Score : 1.0","Acc : 0.75, Prec : 0.0,Recall : 1.0, F1-Score : 0.0","Acc : 1.0, Prec : 1.0,Recall : 1.0, F1-Score : 1.0","Acc : 1.0, Prec : 1.0,Recall : 1.0, F1-Score : 1.0"
cabbage,rgb,0.9444,0.9444,1.0,0.9714,,"Acc : 1.0, Prec : 1.0,Recall : 1.0, F1-Score : 1.0","Acc : 1.0, Prec : 1.0,Recall : 1.0, F1-Score : 1.0","Acc : 1.0, Prec : 1.0,Recall : 1.0, F1-Score : 1.0","Acc : 1.0, Prec : 1.0,Recall : 1.0, F1-Score : 1.0","Acc : 1.0, Prec : 1.0,Recall : 1.0, F1-Score : 1.0","Acc : 1.0, Prec : 1.0,Recall : 1.0, F1-Score : 1.0","Acc : 1.0, Prec : 1.0,Recall : 1.0, F1-Score : 1.0","Acc : 1.0, Prec : 1.0,Recall : 1.0, F1-Score : 1.0","Acc : 1.0, Prec : 1.0,Recall : 1.0, F1-Score : 1.0","Acc : 1.0, Prec : 1.0,Recall : 1.0, F1-Score : 1.0","Acc : 1.0, Prec : 1.0,Recall : 1.0, F1-Score : 1.0","Acc : 1.0, Prec : 1.0,Recall : 1.0, F1-Score : 1.0","Acc : 1.0, Prec : 1.0,Recall : 1.0, F1-Score : 1.0","Acc : 1.0, Prec : 1.0,Recall : 1.0, F1-Score : 1.0","Acc : 0.0, Prec : 0.0,Recall : 1.0, F1-Score : 0.0","Acc : 1.0, Prec : 1.0,Recall : 1.0, F1-Score : 1.0","Acc : 1.0, Prec : 1.0,Recall : 1.0, F1-Score : 1.0","Acc : 1.0, Prec : 1.0,Recall : 1.0, F1-Score : 1.0"
cabbage,shape,0.9444,0.9444,1.0,0.9714,,"Acc : 1.0, Prec : 1.0,Recall : 1.0, F1-Score : 1.0","Acc : 1.0, Prec : 1.0,Recall : 1.0, F1-Score : 1.0","Acc : 1.0, Prec : 1.0,Recall : 1.0, F1-Score : 1.0","Acc : 1.0, Prec : 1.0,Recall : 1.0, F1-Score : 1.0","Acc : 1.0, Prec : 1.0,Recall : 1.0, F1-Score : 1.0","Acc : 1.0, Prec : 1.0,Recall : 1.0, F1-Score : 1.0","Acc : 1.0, Prec : 1.0,Recall : 1.0, F1-Score : 1.0","Acc : 1.0, Prec : 1.0,Recall : 1.0, F1-Score : 1.0","Acc : 1.0, Prec : 1.0,Recall : 1.0, F1-Score : 1.0","Acc : 1.0, Prec : 1.0,Recall : 1.0, F1-Score : 1.0","Acc : 1.0, Prec : 1.0,Recall : 1.0, F1-Score : 1.0","Acc : 1.0, Prec : 1.0,Recall : 1.0, F1-Score : 1.0","Acc : 1.0, Prec : 1.0,Recall : 1.0, F1-Score : 1.0","Acc : 1.0, Prec : 1.0,Recall : 1.0, F1-Score : 1.0","Acc : 0.0, Prec : 0.0,Recall : 1.0, F1-Score : 0.0","Acc : 1.0, Prec : 1.0,Recall : 1.0, F1-Score : 1.0","Acc : 1.0, Prec : 1.0,Recall : 1.0, F1-Score : 1.0","Acc : 1.0, Prec : 1.0,Recall : 1.0, F1-Score : 1.0"
carrot,rgb,0.963,0.9444,1.0,0.9714,,"Acc : 1.0, Prec : 1.0,Recall : 1.0, F1-Score : 1.0","Acc : 1.0, Prec : 1.0,Recall : 1.0, F1-Score : 1.0","Acc : 1.0, Prec : 1.0,Recall : 1.0, F1-Score : 1.0","Acc : 1.0, Prec : 1.0,Recall : 1.0, F1-Score : 1.0","Acc : 1.0, Prec : 1.0,Recall : 1.0, F1-Score : 1.0","Acc : 1.0, Prec : 1.0,Recall : 1.0, F1-Score : 1.0","Acc : 1.0, Prec : 1.0,Recall : 1.0, F1-Score : 1.0","Acc : 1.0, Prec : 1.0,Recall : 1.0, F1-Score : 1.0","Acc : 1.0, Prec : 1.0,Recall : 1.0, F1-Score : 1.0","Acc : 0.3333, Prec : 0.0,Recall : 1.0, F1-Score : 0.0","Acc : 1.0, Prec : 1.0,Recall : 1.0, F1-Score : 1.0","Acc : 1.0, Prec : 1.0,Recall : 1.0, F1-Score : 1.0","Acc : 1.0, Prec : 1.0,Recall : 1.0, F1-Score : 1.0","Acc : 1.0, Prec : 1.0,Recall : 1.0, F1-Score : 1.0","Acc : 1.0, Prec : 1.0,Recall : 1.0, F1-Score : 1.0","Acc : 1.0, Prec : 1.0,Recall : 1.0, F1-Score : 1.0","Acc : 1.0, Prec : 1.0,Recall : 1.0, F1-Score : 1.0","Acc : 1.0, Prec : 1.0,Recall : 1.0, F1-Score : 1.0"
carrot,shape,0.9352,0.8889,1.0,0.9412,,"Acc : 1.0, Prec : 1.0,Recall : 1.0, F1-Score : 1.0","Acc : 1.0, Prec : 1.0,Recall : 1.0, F1-Score : 1.0","Acc : 1.0, Prec : 1.0,Recall : 1.0, F1-Score : 1.0","Acc : 1.0, Prec : 1.0,Recall : 1.0, F1-Score : 1.0","Acc : 1.0, Prec : 1.0,Recall : 1.0, F1-Score : 1.0","Acc : 1.0, Prec : 1.0,Recall : 1.0, F1-Score : 1.0","Acc : 1.0, Prec : 1.0,Recall : 1.0, F1-Score : 1.0","Acc : 1.0, Prec : 1.0,Recall : 1.0, F1-Score : 1.0","Acc : 1.0, Prec : 1.0,Recall : 1.0, F1-Score : 1.0","Acc : 0.3333, Prec : 0.0,Recall : 1.0, F1-Score : 0.0","Acc : 1.0, Prec : 1.0,Recall : 1.0, F1-Score : 1.0","Acc : 1.0, Prec : 1.0,Recall : 1.0, F1-Score : 1.0","Acc : 1.0, Prec : 1.0,Recall : 1.0, F1-Score : 1.0","Acc : 1.0, Prec : 1.0,Recall : 1.0, F1-Score : 1.0","Acc : 1.0, Prec : 1.0,Recall : 1.0, F1-Score : 1.0","Acc : 1.0, Prec : 1.0,Recall : 1.0, F1-Score : 1.0","Acc : 0.5, Prec : 0.0,Recall : 1.0, F1-Score : 0.0","Acc : 1.0, Prec : 1.0,Recall : 1.0, F1-Score : 1.0"
corn,rgb,0.9444,0.9444,1.0,0.9714,,"Acc : 1.0, Prec : 1.0,Recall : 1.0, F1-Score : 1.0","Acc : 1.0, Prec : 1.0,Recall : 1.0, F1-Score : 1.0","Acc : 1.0, Prec : 1.0,Recall : 1.0, F1-Score : 1.0","Acc : 1.0, Prec : 1.0,Recall : 1.0, F1-Score : 1.0","Acc : 1.0, Prec : 1.0,Recall : 1.0, F1-Score : 1.0","Acc : 1.0, Prec : 1.0,Recall : 1.0, F1-Score : 1.0","Acc : 1.0, Prec : 1.0,Recall : 1.0, F1-Score : 1.0","Acc : 0.0, Prec : 0.0,Recall : 1.0, F1-Score : 0.0","Acc : 1.0, Prec : 1.0,Recall : 1.0, F1-Score : 1.0","Acc : 1.0, Prec : 1.0,Recall : 1.0, F1-Score : 1.0","Acc : 1.0, Prec : 1.0,Recall : 1.0, F1-Score : 1.0","Acc : 1.0, Prec : 1.0,Recall : 1.0, F1-Score : 1.0","Acc : 1.0, Prec : 1.0,Recall : 1.0, F1-Score : 1.0","Acc : 1.0, Prec : 1.0,Recall : 1.0, F1-Score : 1.0","Acc : 1.0, Prec : 1.0,Recall : 1.0, F1-Score : 1.0","Acc : 1.0, Prec : 1.0,Recall : 1.0, F1-Score : 1.0","Acc : 1.0, Prec : 1.0,Recall : 1.0, F1-Score : 1.0","Acc : 1.0, Prec : 1.0,Recall : 1.0, F1-Score : 1.0"
corn,shape,0.9778,0.9444,1.0,0.9714,,"Acc : 1.0, Prec : 1.0,Recall : 1.0, F1-Score : 1.0","Acc : 1.0, Prec : 1.0,Recall : 1.0, F1-Score : 1.0","Acc : 1.0, Prec : 1.0,Recall : 1.0, F1-Score : 1.0","Acc : 1.0, Prec : 1.0,Recall : 1.0, F1-Score : 1.0","Acc : 1.0, Prec : 1.0,Recall : 1.0, F1-Score : 1.0","Acc : 1.0, Prec : 1.0,Recall : 1.0, F1-Score : 1.0","Acc : 1.0, Prec : 1.0,Recall : 1.0, F1-Score : 1.0","Acc : 0.6, Prec : 0.0,Recall : 1.0, F1-Score : 0.0","Acc : 1.0, Prec : 1.0,Recall : 1.0, F1-Score : 1.0","Acc : 1.0, Prec : 1.0,Recall : 1.0, F1-Score : 1.0","Acc : 1.0, Prec : 1.0,Recall : 1.0, F1-Score : 1.0","Acc : 1.0, Prec : 1.0,Recall : 1.0, F1-Score : 1.0","Acc : 1.0, Prec : 1.0,Recall : 1.0, F1-Score : 1.0","Acc : 1.0, Prec : 1.0,Recall : 1.0, F1-Score : 1.0","Acc : 1.0, Prec : 1.0,Recall : 1.0, F1-Score : 1.0","Acc : 1.0, Prec : 1.0,Recall : 1.0, F1-Score : 1.0","Acc : 1.0, Prec : 1.0,Recall : 1.0, F1-Score : 1.0","Acc : 1.0, Prec : 1.0,Recall : 1.0, F1-Score : 1.0"
cube,rgb,0.825,0.7222,1.0,0.8387,,"Acc : 1.0, Prec : 1.0,Recall : 1.0, F1-Score : 1.0","Acc : 0.8, Prec : 0.0,Recall : 1.0, F1-Score : 0.0","Acc : 1.0, Prec : 1.0,Recall : 1.0, F1-Score : 1.0","Acc : 1.0, Prec : 1.0,Recall : 1.0, F1-Score : 1.0","Acc : 1.0, Prec : 1.0,Recall : 1.0, F1-Score : 1.0","Acc : 0.0, Prec : 0.0,Recall : 1.0, F1-Score : 0.0","Acc : 1.0, Prec : 1.0,Recall : 1.0, F1-Score : 1.0","Acc : 1.0, Prec : 1.0,Recall : 1.0, F1-Score : 1.0","Acc : 0.0, Prec : 0.0,Recall : 1.0, F1-Score : 0.0","Acc : 1.0, Prec : 1.0,Recall : 1.0, F1-Score : 1.0","Acc : 1.0, Prec : 1.0,Recall : 1.0, F1-Score : 1.0","Acc : 1.0, Prec : 1.0,Recall : 1.0, F1-Score : 1.0","Acc : 1.0, Prec : 1.0,Recall : 1.0, F1-Score : 1.0","Acc : 0.8, Prec : 0.0,Recall : 1.0, F1-Score : 0.0","Acc : 1.0, Prec : 1.0,Recall : 1.0, F1-Score : 1.0","Acc : 0.25, Prec : 0.0,Recall : 1.0, F1-Score : 0.0","Acc : 1.0, Prec : 1.0,Recall : 1.0, F1-Score : 1.0","Acc : 1.0, Prec : 1.0,Recall : 1.0, F1-Score : 1.0"
cube,shape,0.975,0.9444,0.9444,0.9444,,"Acc : 1.0, Prec : 1.0,Recall : 1.0, F1-Score : 1.0","Acc : 1.0, Prec : 1.0,Recall : 1.0, F1-Score : 1.0","Acc : 0.8, Prec : 1.0,Recall : 0.0, F1-Score : 0.0","Acc : 1.0, Prec : 1.0,Recall : 1.0, F1-Score : 1.0","Acc : 1.0, Prec : 1.0,Recall : 1.0, F1-Score : 1.0","Acc : 1.0, Prec : 1.0,Recall : 1.0, F1-Score : 1.0","Acc : 1.0, Prec : 1.0,Recall : 1.0, F1-Score : 1.0","Acc : 1.0, Prec : 1.0,Recall : 1.0, F1-Score : 1.0","Acc : 1.0, Prec : 1.0,Recall : 1.0, F1-Score : 1.0","Acc : 1.0, Prec : 1.0,Recall : 1.0, F1-Score : 1.0","Acc : 1.0, Prec : 1.0,Recall : 1.0, F1-Score : 1.0","Acc : 1.0, Prec : 1.0,Recall : 1.0, F1-Score : 1.0","Acc : 1.0, Prec : 1.0,Recall : 1.0, F1-Score : 1.0","Acc : 1.0, Prec : 1.0,Recall : 1.0, F1-Score : 1.0","Acc : 1.0, Prec : 1.0,Recall : 1.0, F1-Score : 1.0","Acc : 0.75, Prec : 0.0,Recall : 1.0, F1-Score : 0.0","Acc : 1.0, Prec : 1.0,Recall : 1.0, F1-Score : 1.0","Acc : 1.0, Prec : 1.0,Recall : 1.0, F1-Score : 1.0"
cuboid,rgb,0.8083,0.7222,1.0,0.8387,,"Acc : 0.0, Prec : 0.0,Recall : 1.0, F1-Score : 0.0","Acc : 0.4, Prec : 0.0,Recall : 1.0, F1-Score : 0.0","Acc : 1.0, Prec : 1.0,Recall : 1.0, F1-Score : 1.0","Acc : 0.5, Prec : 0.0,Recall : 1.0, F1-Score : 0.0","Acc : 1.0, Prec : 1.0,Recall : 1.0, F1-Score : 1.0","Acc : 1.0, Prec : 1.0,Recall : 1.0, F1-Score : 1.0","Acc : 1.0, Prec : 1.0,Recall : 1.0, F1-Score : 1.0","Acc : 1.0, Prec : 1.0,Recall : 1.0, F1-Score : 1.0","Acc : 1.0, Prec : 1.0,Recall : 1.0, F1-Score : 1.0","Acc : 1.0, Prec : 1.0,Recall : 1.0, F1-Score : 1.0","Acc : 1.0, Prec : 1.0,Recall : 1.0, F1-Score : 1.0","Acc : 1.0, Prec : 1.0,Recall : 1.0, F1-Score : 1.0","Acc : 1.0, Prec : 1.0,Recall : 1.0, F1-Score : 1.0","Acc : 0.4, Prec : 0.0,Recall : 1.0, F1-Score : 0.0","Acc : 1.0, Prec : 1.0,Recall : 1.0, F1-Score : 1.0","Acc : 0.25, Prec : 0.0,Recall : 1.0, F1-Score : 0.0","Acc : 1.0, Prec : 1.0,Recall : 1.0, F1-Score : 1.0","Acc : 1.0, Prec : 1.0,Recall : 1.0, F1-Score : 1.0"
cuboid,shape,0.9426,0.8333,1.0,0.9091,,"Acc : 1.0, Prec : 1.0,Recall : 1.0, F1-Score : 1.0","Acc : 1.0, Prec : 1.0,Recall : 1.0, F1-Score : 1.0","Acc : 1.0, Prec : 1.0,Recall : 1.0, F1-Score : 1.0","Acc : 1.0, Prec : 1.0,Recall : 1.0, F1-Score : 1.0","Acc : 1.0, Prec : 1.0,Recall : 1.0, F1-Score : 1.0","Acc : 1.0, Prec : 1.0,Recall : 1.0, F1-Score : 1.0","Acc : 1.0, Prec : 1.0,Recall : 1.0, F1-Score : 1.0","Acc : 0.8, Prec : 0.0,Recall : 1.0, F1-Score : 0.0","Acc : 1.0, Prec : 1.0,Recall : 1.0, F1-Score : 1.0","Acc : 0.6667, Prec : 0.0,Recall : 1.0, F1-Score : 0.0","Acc : 1.0, Prec : 1.0,Recall : 1.0, F1-Score : 1.0","Acc : 1.0, Prec : 1.0,Recall : 1.0, F1-Score : 1.0","Acc : 1.0, Prec : 1.0,Recall : 1.0, F1-Score : 1.0","Acc : 1.0, Prec : 1.0,Recall : 1.0, F1-Score : 1.0","Acc : 1.0, Prec : 1.0,Recall : 1.0, F1-Score : 1.0","Acc : 0.5, Prec : 0.0,Recall : 1.0, F1-Score : 0.0","Acc : 1.0, Prec : 1.0,Recall : 1.0, F1-Score : 1.0","Acc : 1.0, Prec : 1.0,Recall : 1.0, F1-Score : 1.0"
cucumber,rgb,0.9444,0.9444,1.0,0.9714,,"Acc : 1.0, Prec : 1.0,Recall : 1.0, F1-Score : 1.0","Acc : 1.0, Prec : 1.0,Recall : 1.0, F1-Score : 1.0","Acc : 1.0, Prec : 1.0,Recall : 1.0, F1-Score : 1.0","Acc : 1.0, Prec : 1.0,Recall : 1.0, F1-Score : 1.0","Acc : 1.0, Prec : 1.0,Recall : 1.0, F1-Score : 1.0","Acc : 1.0, Prec : 1.0,Recall : 1.0, F1-Score : 1.0","Acc : 1.0, Prec : 1.0,Recall : 1.0, F1-Score : 1.0","Acc : 1.0, Prec : 1.0,Recall : 1.0, F1-Score : 1.0","Acc : 1.0, Prec : 1.0,Recall : 1.0, F1-Score : 1.0","Acc : 1.0, Prec : 1.0,Recall : 1.0, F1-Score : 1.0","Acc : 0.0, Prec : 0.0,Recall : 1.0, F1-Score : 0.0","Acc : 1.0, Prec : 1.0,Recall : 1.0, F1-Score : 1.0","Acc : 1.0, Prec : 1.0,Recall : 1.0, F1-Score : 1.0","Acc : 1.0, Prec : 1.0,Recall : 1.0, F1-Score : 1.0","Acc : 1.0, Prec : 1.0,Recall : 1.0, F1-Score : 1.0","Acc : 1.0, Prec : 1.0,Recall : 1.0, F1-Score : 1.0","Acc : 1.0, Prec : 1.0,Recall : 1.0, F1-Score : 1.0","Acc : 1.0, Prec : 1.0,Recall : 1.0, F1-Score : 1.0"
cucumber,shape,0.9306,0.8333,1.0,0.9091,,"Acc : 1.0, Prec : 1.0,Recall : 1.0, F1-Score : 1.0","Acc : 1.0, Prec : 1.0,Recall : 1.0, F1-Score : 1.0","Acc : 1.0, Prec : 1.0,Recall : 1.0, F1-Score : 1.0","Acc : 1.0, Prec : 1.0,Recall : 1.0, F1-Score : 1.0","Acc : 1.0, Prec : 1.0,Recall : 1.0, F1-Score : 1.0","Acc : 1.0, Prec : 1.0,Recall : 1.0, F1-Score : 1.0","Acc : 1.0, Prec : 1.0,Recall : 1.0, F1-Score : 1.0","Acc : 1.0, Prec : 1.0,Recall : 1.0, F1-Score : 1.0","Acc : 1.0, Prec : 1.0,Recall : 1.0, F1-Score : 1.0","Acc : 0.6667, Prec : 0.0,Recall : 1.0, F1-Score : 0.0","Acc : 0.3333, Prec : 0.0,Recall : 1.0, F1-Score : 0.0","Acc : 1.0, Prec : 1.0,Recall : 1.0, F1-Score : 1.0","Acc : 1.0, Prec : 1.0,Recall : 1.0, F1-Score : 1.0","Acc : 1.0, Prec : 1.0,Recall : 1.0, F1-Score : 1.0","Acc : 1.0, Prec : 1.0,Recall : 1.0, F1-Score : 1.0","Acc : 0.75, Prec : 0.0,Recall : 1.0, F1-Score : 0.0","Acc : 1.0, Prec : 1.0,Recall : 1.0, F1-Score : 1.0","Acc : 1.0, Prec : 1.0,Recall : 1.0, F1-Score : 1.0"
cylinder,rgb,0.8111,0.7778,1.0,0.875,,"Acc : 0.0, Prec : 0.0,Recall : 1.0, F1-Score : 0.0","Acc : 1.0, Prec : 1.0,Recall : 1.0, F1-Score : 1.0","Acc : 0.0, Prec : 0.0,Recall : 1.0, F1-Score : 0.0","Acc : 1.0, Prec : 1.0,Recall : 1.0, F1-Score : 1.0","Acc : 1.0, Prec : 1.0,Recall : 1.0, F1-Score : 1.0","Acc : 0.4, Prec : 0.0,Recall : 1.0, F1-Score : 0.0","Acc : 1.0, Prec : 1.0,Recall : 1.0, F1-Score : 1.0","Acc : 1.0, Prec : 1.0,Recall : 1.0, F1-Score : 1.0","Acc : 0.2, Prec : 0.0,Recall : 1.0, F1-Score : 0.0","Acc : 1.0, Prec : 1.0,Recall : 1.0, F1-Score : 1.0","Acc : 1.0, Prec : 1.0,Recall : 1.0, F1-Score : 1.0","Acc : 1.0, Prec : 1.0,Recall : 1.0, F1-Score : 1.0","Acc : 1.0, Prec : 1.0,Recall : 1.0, F1-Score : 1.0","Acc : 1.0, Prec : 1.0,Recall : 1.0, F1-Score : 1.0","Acc : 1.0, Prec : 1.0,Recall : 1.0, F1-Score : 1.0","Acc : 1.0, Prec : 1.0,Recall : 1.0, F1-Score : 1.0","Acc : 1.0, Prec : 1.0,Recall : 1.0, F1-Score : 1.0","Acc : 1.0, Prec : 1.0,Recall : 1.0, F1-Score : 1.0"
cylinder,shape,0.9481,0.8889,0.9444,0.9158,,"Acc : 1.0, Prec : 1.0,Recall : 1.0, F1-Score : 1.0","Acc : 0.6, Prec : 1.0,Recall : 0.0, F1-Score : 0.0","Acc : 1.0, Prec : 1.0,Recall : 1.0, F1-Score : 1.0","Acc : 1.0, Prec : 1.0,Recall : 1.0, F1-Score : 1.0","Acc : 1.0, Prec : 1.0,Recall : 1.0, F1-Score : 1.0","Acc : 1.0, Prec : 1.0,Recall : 1.0, F1-Score : 1.0","Acc : 1.0, Prec : 1.0,Recall : 1.0, F1-Score : 1.0","Acc : 1.0, Prec : 1.0,Recall : 1.0, F1-Score : 1.0","Acc : 1.0, Prec : 1.0,Recall : 1.0, F1-Score : 1.0","Acc : 0.6667, Prec : 0.0,Recall : 1.0, F1-Score : 0.0","Acc : 1.0, Prec : 1.0,Recall : 1.0, F1-Score : 1.0","Acc : 1.0, Prec : 1.0,Recall : 1.0, F1-Score : 1.0","Acc : 1.0, Prec : 1.0,Recall : 1.0, F1-Score : 1.0","Acc : 0.8, Prec : 0.0,Recall : 1.0, F1-Score : 0.0","Acc : 1.0, Prec : 1.0,Recall : 1.0, F1-Score : 1.0","Acc : 1.0, Prec : 1.0,Recall : 1.0, F1-Score : 1.0","Acc : 1.0, Prec : 1.0,Recall : 1.0, F1-Score : 1.0","Acc : 1.0, Prec : 1.0,Recall : 1.0, F1-Score : 1.0"
eggplant,rgb,0.9444,0.9444,1.0,0.9714,,"Acc : 1.0, Prec : 1.0,Recall : 1.0, F1-Score : 1.0","Acc : 1.0, Prec : 1.0,Recall : 1.0, F1-Score : 1.0","Acc : 1.0, Prec : 1.0,Recall : 1.0, F1-Score : 1.0","Acc : 1.0, Prec : 1.0,Recall : 1.0, F1-Score : 1.0","Acc : 1.0, Prec : 1.0,Recall : 1.0, F1-Score : 1.0","Acc : 1.0, Prec : 1.0,Recall : 1.0, F1-Score : 1.0","Acc : 1.0, Prec : 1.0,Recall : 1.0, F1-Score : 1.0","Acc : 1.0, Prec : 1.0,Recall : 1.0, F1-Score : 1.0","Acc : 1.0, Prec : 1.0,Recall : 1.0, F1-Score : 1.0","Acc : 1.0, Prec : 1.0,Recall : 1.0, F1-Score : 1.0","Acc : 1.0, Prec : 1.0,Recall : 1.0, F1-Score : 1.0","Acc : 0.0, Prec : 0.0,Recall : 1.0, F1-Score : 0.0","Acc : 1.0, Prec : 1.0,Recall : 1.0, F1-Score : 1.0","Acc : 1.0, Prec : 1.0,Recall : 1.0, F1-Score : 1.0","Acc : 1.0, Prec : 1.0,Recall : 1.0, F1-Score : 1.0","Acc : 1.0, Prec : 1.0,Recall : 1.0, F1-Score : 1.0","Acc : 1.0, Prec : 1.0,Recall : 1.0, F1-Score : 1.0","Acc : 1.0, Prec : 1.0,Recall : 1.0, F1-Score : 1.0"
eggplant,shape,0.9568,0.9444,1.0,0.9714,,"Acc : 1.0, Prec : 1.0,Recall : 1.0, F1-Score : 1.0","Acc : 1.0, Prec : 1.0,Recall : 1.0, F1-Score : 1.0","Acc : 1.0, Prec : 1.0,Recall : 1.0, F1-Score : 1.0","Acc : 1.0, Prec : 1.0,Recall : 1.0, F1-Score : 1.0","Acc : 1.0, Prec : 1.0,Recall : 1.0, F1-Score : 1.0","Acc : 1.0, Prec : 1.0,Recall : 1.0, F1-Score : 1.0","Acc : 1.0, Prec : 1.0,Recall : 1.0, F1-Score : 1.0","Acc : 1.0, Prec : 1.0,Recall : 1.0, F1-Score : 1.0","Acc : 1.0, Prec : 1.0,Recall : 1.0, F1-Score : 1.0","Acc : 1.0, Prec : 1.0,Recall : 1.0, F1-Score : 1.0","Acc : 1.0, Prec : 1.0,Recall : 1.0, F1-Score : 1.0","Acc : 0.2222, Prec : 0.0,Recall : 1.0, F1-Score : 0.0","Acc : 1.0, Prec : 1.0,Recall : 1.0, F1-Score : 1.0","Acc : 1.0, Prec : 1.0,Recall : 1.0, F1-Score : 1.0","Acc : 1.0, Prec : 1.0,Recall : 1.0, F1-Score : 1.0","Acc : 1.0, Prec : 1.0,Recall : 1.0, F1-Score : 1.0","Acc : 1.0, Prec : 1.0,Recall : 1.0, F1-Score : 1.0","Acc : 1.0, Prec : 1.0,Recall : 1.0, F1-Score : 1.0"
ellipsoid,rgb,0.5546,0.4444,1.0,0.6154,,"Acc : 0.0, Prec : 0.0,Recall : 1.0, F1-Score : 0.0","Acc : 0.2, Prec : 0.0,Recall : 1.0, F1-Score : 0.0","Acc : 1.0, Prec : 1.0,Recall : 1.0, F1-Score : 1.0","Acc : 0.0, Prec : 0.0,Recall : 1.0, F1-Score : 0.0","Acc : 0.0, Prec : 0.0,Recall : 1.0, F1-Score : 0.0","Acc : 1.0, Prec : 1.0,Recall : 1.0, F1-Score : 1.0","Acc : 0.0, Prec : 0.0,Recall : 1.0, F1-Score : 0.0","Acc : 1.0, Prec : 1.0,Recall : 1.0, F1-Score : 1.0","Acc : 1.0, Prec : 1.0,Recall : 1.0, F1-Score : 1.0","Acc : 1.0, Prec : 1.0,Recall : 1.0, F1-Score : 1.0","Acc : 1.0, Prec : 1.0,Recall : 1.0, F1-Score : 1.0","Acc : 1.0, Prec : 1.0,Recall : 1.0, F1-Score : 1.0","Acc : 0.0, Prec : 0.0,Recall : 1.0, F1-Score : 0.0","Acc : 0.2, Prec : 0.0,Recall : 1.0, F1-Score : 0.0","Acc : 0.8333, Prec : 0.0,Recall : 1.0, F1-Score : 0.0","Acc : 0.75, Prec : 0.0,Recall : 1.0, F1-Score : 0.0","Acc : 1.0, Prec : 1.0,Recall : 1.0, F1-Score : 1.0","Acc : 0.0, Prec : 0.0,Recall : 1.0, F1-Score : 0.0"
ellipsoid,shape,0.9778,0.9444,1.0,0.9714,,"Acc : 1.0, Prec : 1.0,Recall : 1.0, F1-Score : 1.0","Acc : 1.0, Prec : 1.0,Recall : 1.0, F1-Score : 1.0","Acc : 0.6, Prec : 0.0,Recall : 1.0, F1-Score : 0.0","Acc : 1.0, Prec : 1.0,Recall : 1.0, F1-Score : 1.0","Acc : 1.0, Prec : 1.0,Recall : 1.0, F1-Score : 1.0","Acc : 1.0, Prec : 1.0,Recall : 1.0, F1-Score : 1.0","Acc : 1.0, Prec : 1.0,Recall : 1.0, F1-Score : 1.0","Acc : 1.0, Prec : 1.0,Recall : 1.0, F1-Score : 1.0","Acc : 1.0, Prec : 1.0,Recall : 1.0, F1-Score : 1.0","Acc : 1.0, Prec : 1.0,Recall : 1.0, F1-Score : 1.0","Acc : 1.0, Prec : 1.0,Recall : 1.0, F1-Score : 1.0","Acc : 1.0, Prec : 1.0,Recall : 1.0, F1-Score : 1.0","Acc : 1.0, Prec : 1.0,Recall : 1.0, F1-Score : 1.0","Acc : 1.0, Prec : 1.0,Recall : 1.0, F1-Score : 1.0","Acc : 1.0, Prec : 1.0,Recall : 1.0, F1-Score : 1.0","Acc : 1.0, Prec : 1.0,Recall : 1.0, F1-Score : 1.0","Acc : 1.0, Prec : 1.0,Recall : 1.0, F1-Score : 1.0","Acc : 1.0, Prec : 1.0,Recall : 1.0, F1-Score : 1.0"
green,rgb,1.0,1.0,1.0,1.0,,"Acc : 1.0, Prec : 1.0,Recall : 1.0, F1-Score : 1.0","Acc : 1.0, Prec : 1.0,Recall : 1.0, F1-Score : 1.0","Acc : 1.0, Prec : 1.0,Recall : 1.0, F1-Score : 1.0","Acc : 1.0, Prec : 1.0,Recall : 1.0, F1-Score : 1.0","Acc : 1.0, Prec : 1.0,Recall : 1.0, F1-Score : 1.0","Acc : 1.0, Prec : 1.0,Recall : 1.0, F1-Score : 1.0","Acc : 1.0, Prec : 1.0,Recall : 1.0, F1-Score : 1.0","Acc : 1.0, Prec : 1.0,Recall : 1.0, F1-Score : 1.0","Acc : 1.0, Prec : 1.0,Recall : 1.0, F1-Score : 1.0","Acc : 1.0, Prec : 1.0,Recall : 1.0, F1-Score : 1.0","Acc : 1.0, Prec : 1.0,Recall : 1.0, F1-Score : 1.0","Acc : 1.0, Prec : 1.0,Recall : 1.0, F1-Score : 1.0","Acc : 1.0, Prec : 1.0,Recall : 1.0, F1-Score : 1.0","Acc : 1.0, Prec : 1.0,Recall : 1.0, F1-Score : 1.0","Acc : 1.0, Prec : 1.0,Recall : 1.0, F1-Score : 1.0","Acc : 1.0, Prec : 1.0,Recall : 1.0, F1-Score : 1.0","Acc : 1.0, Prec : 1.0,Recall : 1.0, F1-Score : 1.0","Acc : 1.0, Prec : 1.0,Recall : 1.0, F1-Score : 1.0"
green,shape,0.8269,0.6111,1.0,0.7586,,"Acc : 1.0, Prec : 1.0,Recall : 1.0, F1-Score : 1.0","Acc : 0.8, Prec : 0.0,Recall : 1.0, F1-Score : 0.0","Acc : 0.6, Prec : 0.0,Recall : 1.0, F1-Score : 0.0","Acc : 1.0, Prec : 1.0,Recall : 1.0, F1-Score : 1.0","Acc : 1.0, Prec : 1.0,Recall : 1.0, F1-Score : 1.0","Acc : 1.0, Prec : 1.0,Recall : 1.0, F1-Score : 1.0","Acc : 1.0, Prec : 1.0,Recall : 1.0, F1-Score : 1.0","Acc : 0.8, Prec : 0.0,Recall : 1.0, F1-Score : 0.0","Acc : 1.0, Prec : 1.0,Recall : 1.0, F1-Score : 1.0","Acc : 0.6667, Prec : 0.0,Recall : 1.0, F1-Score : 0.0","Acc : 0.1667, Prec : 0.0,Recall : 1.0, F1-Score : 0.0","Acc : 1.0, Prec : 1.0,Recall : 1.0, F1-Score : 1.0","Acc : 1.0, Prec : 1.0,Recall : 1.0, F1-Score : 1.0","Acc : 0.6, Prec : 0.0,Recall : 1.0, F1-Score : 0.0","Acc : 1.0, Prec : 1.0,Recall : 1.0, F1-Score : 1.0","Acc : 1.0, Prec : 1.0,Recall : 1.0, F1-Score : 1.0","Acc : 1.0, Prec : 1.0,Recall : 1.0, F1-Score : 1.0","Acc : 0.25, Prec : 0.0,Recall : 1.0, F1-Score : 0.0"
lemon,rgb,0.9444,0.9444,1.0,0.9714,,"Acc : 1.0, Prec : 1.0,Recall : 1.0, F1-Score : 1.0","Acc : 1.0, Prec : 1.0,Recall : 1.0, F1-Score : 1.0","Acc : 1.0, Prec : 1.0,Recall : 1.0, F1-Score : 1.0","Acc : 0.0, Prec : 0.0,Recall : 1.0, F1-Score : 0.0","Acc : 1.0, Prec : 1.0,Recall : 1.0, F1-Score : 1.0","Acc : 1.0, Prec : 1.0,Recall : 1.0, F1-Score : 1.0","Acc : 1.0, Prec : 1.0,Recall : 1.0, F1-Score : 1.0","Acc : 1.0, Prec : 1.0,Recall : 1.0, F1-Score : 1.0","Acc : 1.0, Prec : 1.0,Recall : 1.0, F1-Score : 1.0","Acc : 1.0, Prec : 1.0,Recall : 1.0, F1-Score : 1.0","Acc : 1.0, Prec : 1.0,Recall : 1.0, F1-Score : 1.0","Acc : 1.0, Prec : 1.0,Recall : 1.0, F1-Score : 1.0","Acc : 1.0, Prec : 1.0,Recall : 1.0, F1-Score : 1.0","Acc : 1.0, Prec : 1.0,Recall : 1.0, F1-Score : 1.0","Acc : 1.0, Prec : 1.0,Recall : 1.0, F1-Score : 1.0","Acc : 1.0, Prec : 1.0,Recall : 1.0, F1-Score : 1.0","Acc : 1.0, Prec : 1.0,Recall : 1.0, F1-Score : 1.0","Acc : 1.0, Prec : 1.0,Recall : 1.0, F1-Score : 1.0"
lemon,shape,0.9398,0.8333,1.0,0.9091,,"Acc : 1.0, Prec : 1.0,Recall : 1.0, F1-Score : 1.0","Acc : 1.0, Prec : 1.0,Recall : 1.0, F1-Score : 1.0","Acc : 1.0, Prec : 1.0,Recall : 1.0, F1-Score : 1.0","Acc : 0.5, Prec : 0.0,Recall : 1.0, F1-Score : 0.0","Acc : 0.75, Prec : 0.0,Recall : 1.0, F1-Score : 0.0","Acc : 1.0, Prec : 1.0,Recall : 1.0, F1-Score : 1.0","Acc : 1.0, Prec : 1.0,Recall : 1.0, F1-Score : 1.0","Acc : 1.0, Prec : 1.0,Recall : 1.0, F1-Score : 1.0","Acc : 1.0, Prec : 1.0,Recall : 1.0, F1-Score : 1.0","Acc : 1.0, Prec : 1.0,Recall : 1.0, F1-Score : 1.0","Acc : 1.0, Prec : 1.0,Recall : 1.0, F1-Score : 1.0","Acc : 1.0, Prec : 1.0,Recall : 1.0, F1-Score : 1.0","Acc : 0.6667, Prec : 0.0,Recall : 1.0, F1-Score : 0.0","Acc : 1.0, Prec : 1.0,Recall : 1.0, F1-Score : 1.0","Acc : 1.0, Prec : 1.0,Recall : 1.0, F1-Score : 1.0","Acc : 1.0, Prec : 1.0,Recall : 1.0, F1-Score : 1.0","Acc : 1.0, Prec : 1.0,Recall : 1.0, F1-Score : 1.0","Acc : 1.0, Prec : 1.0,Recall : 1.0, F1-Score : 1.0"
lime,rgb,0.9444,0.9444,1.0,0.9714,,"Acc : 1.0, Prec : 1.0,Recall : 1.0, F1-Score : 1.0","Acc : 1.0, Prec : 1.0,Recall : 1.0, F1-Score : 1.0","Acc : 1.0, Prec : 1.0,Recall : 1.0, F1-Score : 1.0","Acc : 1.0, Prec : 1.0,Recall : 1.0, F1-Score : 1.0","Acc : 1.0, Prec : 1.0,Recall : 1.0, F1-Score : 1.0","Acc : 1.0, Prec : 1.0,Recall : 1.0, F1-Score : 1.0","Acc : 1.0, Prec : 1.0,Recall : 1.0, F1-Score : 1.0","Acc : 1.0, Prec : 1.0,Recall : 1.0, F1-Score : 1.0","Acc : 1.0, Prec : 1.0,Recall : 1.0, F1-Score : 1.0","Acc : 1.0, Prec : 1.0,Recall : 1.0, F1-Score : 1.0","Acc : 1.0, Prec : 1.0,Recall : 1.0, F1-Score : 1.0","Acc : 1.0, Prec : 1.0,Recall : 1.0, F1-Score : 1.0","Acc : 1.0, Prec : 1.0,Recall : 1.0, F1-Score : 1.0","Acc : 1.0, Prec : 1.0,Recall : 1.0, F1-Score : 1.0","Acc : 1.0, Prec : 1.0,Recall : 1.0, F1-Score : 1.0","Acc : 1.0, Prec : 1.0,Recall : 1.0, F1-Score : 1.0","Acc : 1.0, Prec : 1.0,Recall : 1.0, F1-Score : 1.0","Acc : 0.0, Prec : 0.0,Recall : 1.0, F1-Score : 0.0"
lime,shape,0.9722,0.9444,1.0,0.9714,,"Acc : 1.0, Prec : 1.0,Recall : 1.0, F1-Score : 1.0","Acc : 1.0, Prec : 1.0,Recall : 1.0, F1-Score : 1.0","Acc : 1.0, Prec : 1.0,Recall : 1.0, F1-Score : 1.0","Acc : 1.0, Prec : 1.0,Recall : 1.0, F1-Score : 1.0","Acc : 1.0, Prec : 1.0,Recall : 1.0, F1-Score : 1.0","Acc : 1.0, Prec : 1.0,Recall : 1.0, F1-Score : 1.0","Acc : 1.0, Prec : 1.0,Recall : 1.0, F1-Score : 1.0","Acc : 1.0, Prec : 1.0,Recall : 1.0, F1-Score : 1.0","Acc : 1.0, Prec : 1.0,Recall : 1.0, F1-Score : 1.0","Acc : 1.0, Prec : 1.0,Recall : 1.0, F1-Score : 1.0","Acc : 1.0, Prec : 1.0,Recall : 1.0, F1-Score : 1.0","Acc : 1.0, Prec : 1.0,Recall : 1.0, F1-Score : 1.0","Acc : 1.0, Prec : 1.0,Recall : 1.0, F1-Score : 1.0","Acc : 1.0, Prec : 1.0,Recall : 1.0, F1-Score : 1.0","Acc : 1.0, Prec : 1.0,Recall : 1.0, F1-Score : 1.0","Acc : 1.0, Prec : 1.0,Recall : 1.0, F1-Score : 1.0","Acc : 1.0, Prec : 1.0,Recall : 1.0, F1-Score : 1.0","Acc : 0.5, Prec : 0.0,Recall : 1.0, F1-Score : 0.0"
long-cone,rgb,0.9074,0.8889,1.0,0.9412,,"Acc : 1.0, Prec : 1.0,Recall : 1.0, F1-Score : 1.0","Acc : 1.0, Prec : 1.0,Recall : 1.0, F1-Score : 1.0","Acc : 1.0, Prec : 1.0,Recall : 1.0, F1-Score : 1.0","Acc : 1.0, Prec : 1.0,Recall : 1.0, F1-Score : 1.0","Acc : 1.0, Prec : 1.0,Recall : 1.0, F1-Score : 1.0","Acc : 1.0, Prec : 1.0,Recall : 1.0, F1-Score : 1.0","Acc : 1.0, Prec : 1.0,Recall : 1.0, F1-Score : 1.0","Acc : 0.0, Prec : 0.0,Recall : 1.0, F1-Score : 0.0","Acc : 1.0, Prec : 1.0,Recall : 1.0, F1-Score : 1.0","Acc : 0.3333, Prec : 0.0,Recall : 1.0, F1-Score : 0.0","Acc : 1.0, Prec : 1.0,Recall : 1.0, F1-Score : 1.0","Acc : 1.0, Prec : 1.0,Recall : 1.0, F1-Score : 1.0","Acc : 1.0, Prec : 1.0,Recall : 1.0, F1-Score : 1.0","Acc : 1.0, Prec : 1.0,Recall : 1.0, F1-Score : 1.0","Acc : 1.0, Prec : 1.0,Recall : 1.0, F1-Score : 1.0","Acc : 1.0, Prec : 1.0,Recall : 1.0, F1-Score : 1.0","Acc : 1.0, Prec : 1.0,Recall : 1.0, F1-Score : 1.0","Acc : 1.0, Prec : 1.0,Recall : 1.0, F1-Score : 1.0"
long-cone,shape,0.9667,1.0,0.9444,0.9714,,"Acc : 1.0, Prec : 1.0,Recall : 1.0, F1-Score : 1.0","Acc : 1.0, Prec : 1.0,Recall : 1.0, F1-Score : 1.0","Acc : 1.0, Prec : 1.0,Recall : 1.0, F1-Score : 1.0","Acc : 1.0, Prec : 1.0,Recall : 1.0, F1-Score : 1.0","Acc : 1.0, Prec : 1.0,Recall : 1.0, F1-Score : 1.0","Acc : 1.0, Prec : 1.0,Recall : 1.0, F1-Score : 1.0","Acc : 1.0, Prec : 1.0,Recall : 1.0, F1-Score : 1.0","Acc : 0.4, Prec : 1.0,Recall : 0.0, F1-Score : 0.0","Acc : 1.0, Prec : 1.0,Recall : 1.0, F1-Score : 1.0","Acc : 1.0, Prec : 1.0,Recall : 1.0, F1-Score : 1.0","Acc : 1.0, Prec : 1.0,Recall : 1.0, F1-Score : 1.0","Acc : 1.0, Prec : 1.0,Recall : 1.0, F1-Score : 1.0","Acc : 1.0, Prec : 1.0,Recall : 1.0, F1-Score : 1.0","Acc : 1.0, Prec : 1.0,Recall : 1.0, F1-Score : 1.0","Acc : 1.0, Prec : 1.0,Recall : 1.0, F1-Score : 1.0","Acc : 1.0, Prec : 1.0,Recall : 1.0, F1-Score : 1.0","Acc : 1.0, Prec : 1.0,Recall : 1.0, F1-Score : 1.0","Acc : 1.0, Prec : 1.0,Recall : 1.0, F1-Score : 1.0"
orange,rgb,0.9259,0.9444,0.9444,0.9444,,"Acc : 1.0, Prec : 1.0,Recall : 1.0, F1-Score : 1.0","Acc : 1.0, Prec : 1.0,Recall : 1.0, F1-Score : 1.0","Acc : 1.0, Prec : 1.0,Recall : 1.0, F1-Score : 1.0","Acc : 1.0, Prec : 1.0,Recall : 1.0, F1-Score : 1.0","Acc : 0.0, Prec : 0.0,Recall : 1.0, F1-Score : 0.0","Acc : 1.0, Prec : 1.0,Recall : 1.0, F1-Score : 1.0","Acc : 1.0, Prec : 1.0,Recall : 1.0, F1-Score : 1.0","Acc : 1.0, Prec : 1.0,Recall : 1.0, F1-Score : 1.0","Acc : 1.0, Prec : 1.0,Recall : 1.0, F1-Score : 1.0","Acc : 0.6667, Prec : 1.0,Recall : 0.0, F1-Score : 0.0","Acc : 1.0, Prec : 1.0,Recall : 1.0, F1-Score : 1.0","Acc : 1.0, Prec : 1.0,Recall : 1.0, F1-Score : 1.0","Acc : 1.0, Prec : 1.0,Recall : 1.0, F1-Score : 1.0","Acc : 1.0, Prec : 1.0,Recall : 1.0, F1-Score : 1.0","Acc : 1.0, Prec : 1.0,Recall : 1.0, F1-Score : 1.0","Acc : 1.0, Prec : 1.0,Recall : 1.0, F1-Score : 1.0","Acc : 1.0, Prec : 1.0,Recall : 1.0, F1-Score : 1.0","Acc : 1.0, Prec : 1.0,Recall : 1.0, F1-Score : 1.0"
orange,shape,0.9306,0.8889,1.0,0.9412,,"Acc : 1.0, Prec : 1.0,Recall : 1.0, F1-Score : 1.0","Acc : 1.0, Prec : 1.0,Recall : 1.0, F1-Score : 1.0","Acc : 1.0, Prec : 1.0,Recall : 1.0, F1-Score : 1.0","Acc : 1.0, Prec : 1.0,Recall : 1.0, F1-Score : 1.0","Acc : 1.0, Prec : 1.0,Recall : 1.0, F1-Score : 1.0","Acc : 1.0, Prec : 1.0,Recall : 1.0, F1-Score : 1.0","Acc : 1.0, Prec : 1.0,Recall : 1.0, F1-Score : 1.0","Acc : 1.0, Prec : 1.0,Recall : 1.0, F1-Score : 1.0","Acc : 1.0, Prec : 1.0,Recall : 1.0, F1-Score : 1.0","Acc : 0.0, Prec : 0.0,Recall : 1.0, F1-Score : 0.0","Acc : 1.0, Prec : 1.0,Recall : 1.0, F1-Score : 1.0","Acc : 1.0, Prec : 1.0,Recall : 1.0, F1-Score : 1.0","Acc : 1.0, Prec : 1.0,Recall : 1.0, F1-Score : 1.0","Acc : 1.0, Prec : 1.0,Recall : 1.0, F1-Score : 1.0","Acc : 1.0, Prec : 1.0,Recall : 1.0, F1-Score : 1.0","Acc : 0.75, Prec : 0.0,Recall : 1.0, F1-Score : 0.0","Acc : 1.0, Prec : 1.0,Recall : 1.0, F1-Score : 1.0","Acc : 1.0, Prec : 1.0,Recall : 1.0, F1-Score : 1.0"
ovoid,rgb,0.8611,0.8333,1.0,0.9091,,"Acc : 1.0, Prec : 1.0,Recall : 1.0, F1-Score : 1.0","Acc : 1.0, Prec : 1.0,Recall : 1.0, F1-Score : 1.0","Acc : 1.0, Prec : 1.0,Recall : 1.0, F1-Score : 1.0","Acc : 1.0, Prec : 1.0,Recall : 1.0, F1-Score : 1.0","Acc : 1.0, Prec : 1.0,Recall : 1.0, F1-Score : 1.0","Acc : 1.0, Prec : 1.0,Recall : 1.0, F1-Score : 1.0","Acc : 1.0, Prec : 1.0,Recall : 1.0, F1-Score : 1.0","Acc : 1.0, Prec : 1.0,Recall : 1.0, F1-Score : 1.0","Acc : 1.0, Prec : 1.0,Recall : 1.0, F1-Score : 1.0","Acc : 1.0, Prec : 1.0,Recall : 1.0, F1-Score : 1.0","Acc : 0.0, Prec : 0.0,Recall : 1.0, F1-Score : 0.0","Acc : 0.0, Prec : 0.0,Recall : 1.0, F1-Score : 0.0","Acc : 1.0, Prec : 1.0,Recall : 1.0, F1-Score : 1.0","Acc : 1.0, Prec : 1.0,Recall : 1.0, F1-Score : 1.0","Acc : 0.5, Prec : 0.0,Recall : 1.0, F1-Score : 0.0","Acc : 1.0, Prec : 1.0,Recall : 1.0, F1-Score : 1.0","Acc : 1.0, Prec : 1.0,Recall : 1.0, F1-Score : 1.0","Acc : 1.0, Prec : 1.0,Recall : 1.0, F1-Score : 1.0"
ovoid,shape,0.9398,0.8889,0.9444,0.9158,,"Acc : 1.0, Prec : 1.0,Recall : 1.0, F1-Score : 1.0","Acc : 1.0, Prec : 1.0,Recall : 1.0, F1-Score : 1.0","Acc : 1.0, Prec : 1.0,Recall : 1.0, F1-Score : 1.0","Acc : 1.0, Prec : 1.0,Recall : 1.0, F1-Score : 1.0","Acc : 1.0, Prec : 1.0,Recall : 1.0, F1-Score : 1.0","Acc : 1.0, Prec : 1.0,Recall : 1.0, F1-Score : 1.0","Acc : 1.0, Prec : 1.0,Recall : 1.0, F1-Score : 1.0","Acc : 1.0, Prec : 1.0,Recall : 1.0, F1-Score : 1.0","Acc : 1.0, Prec : 1.0,Recall : 1.0, F1-Score : 1.0","Acc : 0.6667, Prec : 0.0,Recall : 1.0, F1-Score : 0.0","Acc : 0.5, Prec : 1.0,Recall : 0.0, F1-Score : 0.0","Acc : 1.0, Prec : 1.0,Recall : 1.0, F1-Score : 1.0","Acc : 1.0, Prec : 1.0,Recall : 1.0, F1-Score : 1.0","Acc : 1.0, Prec : 1.0,Recall : 1.0, F1-Score : 1.0","Acc : 1.0, Prec : 1.0,Recall : 1.0, F1-Score : 1.0","Acc : 0.75, Prec : 0.0,Recall : 1.0, F1-Score : 0.0","Acc : 1.0, Prec : 1.0,Recall : 1.0, F1-Score : 1.0","Acc : 1.0, Prec : 1.0,Recall : 1.0, F1-Score : 1.0"
plum,rgb,1.0,1.0,1.0,1.0,,"Acc : 1.0, Prec : 1.0,Recall : 1.0, F1-Score : 1.0","Acc : 1.0, Prec : 1.0,Recall : 1.0, F1-Score : 1.0","Acc : 1.0, Prec : 1.0,Recall : 1.0, F1-Score : 1.0","Acc : 1.0, Prec : 1.0,Recall : 1.0, F1-Score : 1.0","Acc : 1.0, Prec : 1.0,Recall : 1.0, F1-Score : 1.0","Acc : 1.0, Prec : 1.0,Recall : 1.0, F1-Score : 1.0","Acc : 1.0, Prec : 1.0,Recall : 1.0, F1-Score : 1.0","Acc : 1.0, Prec : 1.0,Recall : 1.0, F1-Score : 1.0","Acc : 1.0, Prec : 1.0,Recall : 1.0, F1-Score : 1.0","Acc : 1.0, Prec : 1.0,Recall : 1.0, F1-Score : 1.0","Acc : 1.0, Prec : 1.0,Recall : 1.0, F1-Score : 1.0","Acc : 1.0, Prec : 1.0,Recall : 1.0, F1-Score : 1.0","Acc : 1.0, Prec : 1.0,Recall : 1.0, F1-Score : 1.0","Acc : 1.0, Prec : 1.0,Recall : 1.0, F1-Score : 1.0","Acc : 1.0, Prec : 1.0,Recall : 1.0, F1-Score : 1.0","Acc : 1.0, Prec : 1.0,Recall : 1.0, F1-Score : 1.0","Acc : 1.0, Prec : 1.0,Recall : 1.0, F1-Score : 1.0","Acc : 1.0, Prec : 1.0,Recall : 1.0, F1-Score : 1.0"
plum,shape,0.8858,0.7778,1.0,0.875,,"Acc : 1.0, Prec : 1.0,Recall : 1.0, F1-Score : 1.0","Acc : 1.0, Prec : 1.0,Recall : 1.0, F1-Score : 1.0","Acc : 1.0, Prec : 1.0,Recall : 1.0, F1-Score : 1.0","Acc : 1.0, Prec : 1.0,Recall : 1.0, F1-Score : 1.0","Acc : 1.0, Prec : 1.0,Recall : 1.0, F1-Score : 1.0","Acc : 1.0, Prec : 1.0,Recall : 1.0, F1-Score : 1.0","Acc : 0.0, Prec : 0.0,Recall : 1.0, F1-Score : 0.0","Acc : 1.0, Prec : 1.0,Recall : 1.0, F1-Score : 1.0","Acc : 1.0, Prec : 1.0,Recall : 1.0, F1-Score : 1.0","Acc : 0.6667, Prec : 0.0,Recall : 1.0, F1-Score : 0.0","Acc : 1.0, Prec : 1.0,Recall : 1.0, F1-Score : 1.0","Acc : 0.7778, Prec : 0.0,Recall : 1.0, F1-Score : 0.0","Acc : 1.0, Prec : 1.0,Recall : 1.0, F1-Score : 1.0","Acc : 1.0, Prec : 1.0,Recall : 1.0, F1-Score : 1.0","Acc : 1.0, Prec : 1.0,Recall : 1.0, F1-Score : 1.0","Acc : 1.0, Prec : 1.0,Recall : 1.0, F1-Score : 1.0","Acc : 1.0, Prec : 1.0,Recall : 1.0, F1-Score : 1.0","Acc : 0.5, Prec : 0.0,Recall : 1.0, F1-Score : 0.0"
potato,rgb,0.9444,0.9444,1.0,0.9714,,"Acc : 1.0, Prec : 1.0,Recall : 1.0, F1-Score : 1.0","Acc : 1.0, Prec : 1.0,Recall : 1.0, F1-Score : 1.0","Acc : 1.0, Prec : 1.0,Recall : 1.0, F1-Score : 1.0","Acc : 1.0, Prec : 1.0,Recall : 1.0, F1-Score : 1.0","Acc : 0.0, Prec : 0.0,Recall : 1.0, F1-Score : 0.0","Acc : 1.0, Prec : 1.0,Recall : 1.0, F1-Score : 1.0","Acc : 1.0, Prec : 1.0,Recall : 1.0, F1-Score : 1.0","Acc : 1.0, Prec : 1.0,Recall : 1.0, F1-Score : 1.0","Acc : 1.0, Prec : 1.0,Recall : 1.0, F1-Score : 1.0","Acc : 1.0, Prec : 1.0,Recall : 1.0, F1-Score : 1.0","Acc : 1.0, Prec : 1.0,Recall : 1.0, F1-Score : 1.0","Acc : 1.0, Prec : 1.0,Recall : 1.0, F1-Score : 1.0","Acc : 1.0, Prec : 1.0,Recall : 1.0, F1-Score : 1.0","Acc : 1.0, Prec : 1.0,Recall : 1.0, F1-Score : 1.0","Acc : 1.0, Prec : 1.0,Recall : 1.0, F1-Score : 1.0","Acc : 1.0, Prec : 1.0,Recall : 1.0, F1-Score : 1.0","Acc : 1.0, Prec : 1.0,Recall : 1.0, F1-Score : 1.0","Acc : 1.0, Prec : 1.0,Recall : 1.0, F1-Score : 1.0"
potato,shape,0.9537,0.8333,1.0,0.9091,,"Acc : 1.0, Prec : 1.0,Recall : 1.0, F1-Score : 1.0","Acc : 1.0, Prec : 1.0,Recall : 1.0, F1-Score : 1.0","Acc : 1.0, Prec : 1.0,Recall : 1.0, F1-Score : 1.0","Acc : 1.0, Prec : 1.0,Recall : 1.0, F1-Score : 1.0","Acc : 0.75, Prec : 0.0,Recall : 1.0, F1-Score : 0.0","Acc : 1.0, Prec : 1.0,Recall : 1.0, F1-Score : 1.0","Acc : 1.0, Prec : 1.0,Recall : 1.0, F1-Score : 1.0","Acc : 1.0, Prec : 1.0,Recall : 1.0, F1-Score : 1.0","Acc : 1.0, Prec : 1.0,Recall : 1.0, F1-Score : 1.0","Acc : 0.6667, Prec : 0.0,Recall : 1.0, F1-Score : 0.0","Acc : 1.0, Prec : 1.0,Recall : 1.0, F1-Score : 1.0","Acc : 1.0, Prec : 1.0,Recall : 1.0, F1-Score : 1.0","Acc : 1.0, Prec : 1.0,Recall : 1.0, F1-Score : 1.0","Acc : 1.0, Prec : 1.0,Recall : 1.0, F1-Score : 1.0","Acc : 1.0, Prec : 1.0,Recall : 1.0, F1-Score : 1.0","Acc : 0.75, Prec : 0.0,Recall : 1.0, F1-Score : 0.0","Acc : 1.0, Prec : 1.0,Recall : 1.0, F1-Score : 1.0","Acc : 1.0, Prec : 1.0,Recall : 1.0, F1-Score : 1.0"
purple,rgb,0.9019,0.8333,0.9444,0.8854,,"Acc : 1.0, Prec : 1.0,Recall : 1.0, F1-Score : 1.0","Acc : 1.0, Prec : 1.0,Recall : 1.0, F1-Score : 1.0","Acc : 1.0, Prec : 1.0,Recall : 1.0, F1-Score : 1.0","Acc : 1.0, Prec : 1.0,Recall : 1.0, F1-Score : 1.0","Acc : 1.0, Prec : 1.0,Recall : 1.0, F1-Score : 1.0","Acc : 1.0, Prec : 1.0,Recall : 1.0, F1-Score : 1.0","Acc : 0.0, Prec : 1.0,Recall : 0.0, F1-Score : 0.0","Acc : 0.6, Prec : 0.0,Recall : 1.0, F1-Score : 0.0","Acc : 0.8, Prec : 0.0,Recall : 1.0, F1-Score : 0.0","Acc : 1.0, Prec : 1.0,Recall : 1.0, F1-Score : 1.0","Acc : 0.8333, Prec : 0.0,Recall : 1.0, F1-Score : 0.0","Acc : 1.0, Prec : 1.0,Recall : 1.0, F1-Score : 1.0","Acc : 1.0, Prec : 1.0,Recall : 1.0, F1-Score : 1.0","Acc : 1.0, Prec : 1.0,Recall : 1.0, F1-Score : 1.0","Acc : 1.0, Prec : 1.0,Recall : 1.0, F1-Score : 1.0","Acc : 1.0, Prec : 1.0,Recall : 1.0, F1-Score : 1.0","Acc : 1.0, Prec : 1.0,Recall : 1.0, F1-Score : 1.0","Acc : 1.0, Prec : 1.0,Recall : 1.0, F1-Score : 1.0"
purple,shape,0.8194,0.7778,1.0,0.875,,"Acc : 1.0, Prec : 1.0,Recall : 1.0, F1-Score : 1.0","Acc : 1.0, Prec : 1.0,Recall : 1.0, F1-Score : 1.0","Acc : 1.0, Prec : 1.0,Recall : 1.0, F1-Score : 1.0","Acc : 1.0, Prec : 1.0,Recall : 1.0, F1-Score : 1.0","Acc : 1.0, Prec : 1.0,Recall : 1.0, F1-Score : 1.0","Acc : 1.0, Prec : 1.0,Recall : 1.0, F1-Score : 1.0","Acc : 0.0, Prec : 0.0,Recall : 1.0, F1-Score : 0.0","Acc : 1.0, Prec : 1.0,Recall : 1.0, F1-Score : 1.0","Acc : 1.0, Prec : 1.0,Recall : 1.0, F1-Score : 1.0","Acc : 1.0, Prec : 1.0,Recall : 1.0, F1-Score : 1.0","Acc : 1.0, Prec : 1.0,Recall : 1.0, F1-Score : 1.0","Acc : 0.0, Prec : 0.0,Recall : 1.0, F1-Score : 0.0","Acc : 1.0, Prec : 1.0,Recall : 1.0, F1-Score : 1.0","Acc : 1.0, Prec : 1.0,Recall : 1.0, F1-Score : 1.0","Acc : 0.0, Prec : 0.0,Recall : 1.0, F1-Score : 0.0","Acc : 1.0, Prec : 1.0,Recall : 1.0, F1-Score : 1.0","Acc : 1.0, Prec : 1.0,Recall : 1.0, F1-Score : 1.0","Acc : 0.75, Prec : 0.0,Recall : 1.0, F1-Score : 0.0"
red,rgb,0.963,0.9444,1.0,0.9714,,"Acc : 1.0, Prec : 1.0,Recall : 1.0, F1-Score : 1.0","Acc : 1.0, Prec : 1.0,Recall : 1.0, F1-Score : 1.0","Acc : 1.0, Prec : 1.0,Recall : 1.0, F1-Score : 1.0","Acc : 1.0, Prec : 1.0,Recall : 1.0, F1-Score : 1.0","Acc : 1.0, Prec : 1.0,Recall : 1.0, F1-Score : 1.0","Acc : 1.0, Prec : 1.0,Recall : 1.0, F1-Score : 1.0","Acc : 1.0, Prec : 1.0,Recall : 1.0, F1-Score : 1.0","Acc : 1.0, Prec : 1.0,Recall : 1.0, F1-Score : 1.0","Acc : 1.0, Prec : 1.0,Recall : 1.0, F1-Score : 1.0","Acc : 1.0, Prec : 1.0,Recall : 1.0, F1-Score : 1.0","Acc : 1.0, Prec : 1.0,Recall : 1.0, F1-Score : 1.0","Acc : 1.0, Prec : 1.0,Recall : 1.0, F1-Score : 1.0","Acc : 0.3333, Prec : 0.0,Recall : 1.0, F1-Score : 0.0","Acc : 1.0, Prec : 1.0,Recall : 1.0, F1-Score : 1.0","Acc : 1.0, Prec : 1.0,Recall : 1.0, F1-Score : 1.0","Acc : 1.0, Prec : 1.0,Recall : 1.0, F1-Score : 1.0","Acc : 1.0, Prec : 1.0,Recall : 1.0, F1-Score : 1.0","Acc : 1.0, Prec : 1.0,Recall : 1.0, F1-Score : 1.0"
red,shape,0.7611,0.6111,1.0,0.7586,,"Acc : 0.5, Prec : 0.0,Recall : 1.0, F1-Score : 0.0","Acc : 0.8, Prec : 0.0,Recall : 1.0, F1-Score : 0.0","Acc : 0.6, Prec : 0.0,Recall : 1.0, F1-Score : 0.0","Acc : 1.0, Prec : 1.0,Recall : 1.0, F1-Score : 1.0","Acc : 0.0, Prec : 0.0,Recall : 1.0, F1-Score : 0.0","Acc : 0.0, Prec : 0.0,Recall : 1.0, F1-Score : 0.0","Acc : 1.0, Prec : 1.0,Recall : 1.0, F1-Score : 1.0","Acc : 1.0, Prec : 1.0,Recall : 1.0, F1-Score : 1.0","Acc : 0.8, Prec : 0.0,Recall : 1.0, F1-Score : 0.0","Acc : 1.0, Prec : 1.0,Recall : 1.0, F1-Score : 1.0","Acc : 1.0, Prec : 1.0,Recall : 1.0, F1-Score : 1.0","Acc : 1.0, Prec : 1.0,Recall : 1.0, F1-Score : 1.0","Acc : 1.0, Prec : 1.0,Recall : 1.0, F1-Score : 1.0","Acc : 1.0, Prec : 1.0,Recall : 1.0, F1-Score : 1.0","Acc : 1.0, Prec : 1.0,Recall : 1.0, F1-Score : 1.0","Acc : 0.0, Prec : 0.0,Recall : 1.0, F1-Score : 0.0","Acc : 1.0, Prec : 1.0,Recall : 1.0, F1-Score : 1.0","Acc : 1.0, Prec : 1.0,Recall : 1.0, F1-Score : 1.0"
semicylinder,rgb,0.6222,0.6111,1.0,0.7586,,"Acc : 0.0, Prec : 0.0,Recall : 1.0, F1-Score : 0.0","Acc : 0.0, Prec : 0.0,Recall : 1.0, F1-Score : 0.0","Acc : 0.2, Prec : 0.0,Recall : 1.0, F1-Score : 0.0","Acc : 0.0, Prec : 0.0,Recall : 1.0, F1-Score : 0.0","Acc : 1.0, Prec : 1.0,Recall : 1.0, F1-Score : 1.0","Acc : 1.0, Prec : 1.0,Recall : 1.0, F1-Score : 1.0","Acc : 1.0, Prec : 1.0,Recall : 1.0, F1-Score : 1.0","Acc : 1.0, Prec : 1.0,Recall : 1.0, F1-Score : 1.0","Acc : 1.0, Prec : 1.0,Recall : 1.0, F1-Score : 1.0","Acc : 1.0, Prec : 1.0,Recall : 1.0, F1-Score : 1.0","Acc : 1.0, Prec : 1.0,Recall : 1.0, F1-Score : 1.0","Acc : 1.0, Prec : 1.0,Recall : 1.0, F1-Score : 1.0","Acc : 1.0, Prec : 1.0,Recall : 1.0, F1-Score : 1.0","Acc : 0.0, Prec : 0.0,Recall : 1.0, F1-Score : 0.0","Acc : 1.0, Prec : 1.0,Recall : 1.0, F1-Score : 1.0","Acc : 0.0, Prec : 0.0,Recall : 1.0, F1-Score : 0.0","Acc : 1.0, Prec : 1.0,Recall : 1.0, F1-Score : 1.0","Acc : 0.0, Prec : 0.0,Recall : 1.0, F1-Score : 0.0"
semicylinder,shape,0.9463,0.8333,1.0,0.9091,,"Acc : 1.0, Prec : 1.0,Recall : 1.0, F1-Score : 1.0","Acc : 1.0, Prec : 1.0,Recall : 1.0, F1-Score : 1.0","Acc : 1.0, Prec : 1.0,Recall : 1.0, F1-Score : 1.0","Acc : 1.0, Prec : 1.0,Recall : 1.0, F1-Score : 1.0","Acc : 1.0, Prec : 1.0,Recall : 1.0, F1-Score : 1.0","Acc : 0.8, Prec : 0.0,Recall : 1.0, F1-Score : 0.0","Acc : 1.0, Prec : 1.0,Recall : 1.0, F1-Score : 1.0","Acc : 0.4, Prec : 0.0,Recall : 1.0, F1-Score : 0.0","Acc : 1.0, Prec : 1.0,Recall : 1.0, F1-Score : 1.0","Acc : 1.0, Prec : 1.0,Recall : 1.0, F1-Score : 1.0","Acc : 0.8333, Prec : 0.0,Recall : 1.0, F1-Score : 0.0","Acc : 1.0, Prec : 1.0,Recall : 1.0, F1-Score : 1.0","Acc : 1.0, Prec : 1.0,Recall : 1.0, F1-Score : 1.0","Acc : 1.0, Prec : 1.0,Recall : 1.0, F1-Score : 1.0","Acc : 1.0, Prec : 1.0,Recall : 1.0, F1-Score : 1.0","Acc : 1.0, Prec : 1.0,Recall : 1.0, F1-Score : 1.0","Acc : 1.0, Prec : 1.0,Recall : 1.0, F1-Score : 1.0","Acc : 1.0, Prec : 1.0,Recall : 1.0, F1-Score : 1.0"
tomato,rgb,0.9259,0.8889,1.0,0.9412,,"Acc : 0.0, Prec : 0.0,Recall : 1.0, F1-Score : 0.0","Acc : 1.0, Prec : 1.0,Recall : 1.0, F1-Score : 1.0","Acc : 1.0, Prec : 1.0,Recall : 1.0, F1-Score : 1.0","Acc : 1.0, Prec : 1.0,Recall : 1.0, F1-Score : 1.0","Acc : 1.0, Prec : 1.0,Recall : 1.0, F1-Score : 1.0","Acc : 1.0, Prec : 1.0,Recall : 1.0, F1-Score : 1.0","Acc : 1.0, Prec : 1.0,Recall : 1.0, F1-Score : 1.0","Acc : 1.0, Prec : 1.0,Recall : 1.0, F1-Score : 1.0","Acc : 1.0, Prec : 1.0,Recall : 1.0, F1-Score : 1.0","Acc : 0.6667, Prec : 0.0,Recall : 1.0, F1-Score : 0.0","Acc : 1.0, Prec : 1.0,Recall : 1.0, F1-Score : 1.0","Acc : 1.0, Prec : 1.0,Recall : 1.0, F1-Score : 1.0","Acc : 1.0, Prec : 1.0,Recall : 1.0, F1-Score : 1.0","Acc : 1.0, Prec : 1.0,Recall : 1.0, F1-Score : 1.0","Acc : 1.0, Prec : 1.0,Recall : 1.0, F1-Score : 1.0","Acc : 1.0, Prec : 1.0,Recall : 1.0, F1-Score : 1.0","Acc : 1.0, Prec : 1.0,Recall : 1.0, F1-Score : 1.0","Acc : 1.0, Prec : 1.0,Recall : 1.0, F1-Score : 1.0"
tomato,shape,0.8917,0.8333,1.0,0.9091,,"Acc : 0.25, Prec : 0.0,Recall : 1.0, F1-Score : 0.0","Acc : 1.0, Prec : 1.0,Recall : 1.0, F1-Score : 1.0","Acc : 0.8, Prec : 0.0,Recall : 1.0, F1-Score : 0.0","Acc : 1.0, Prec : 1.0,Recall : 1.0, F1-Score : 1.0","Acc : 0.0, Prec : 0.0,Recall : 1.0, F1-Score : 0.0","Acc : 1.0, Prec : 1.0,Recall : 1.0, F1-Score : 1.0","Acc : 1.0, Prec : 1.0,Recall : 1.0, F1-Score : 1.0","Acc : 1.0, Prec : 1.0,Recall : 1.0, F1-Score : 1.0","Acc : 1.0, Prec : 1.0,Recall : 1.0, F1-Score : 1.0","Acc : 1.0, Prec : 1.0,Recall : 1.0, F1-Score : 1.0","Acc : 1.0, Prec : 1.0,Recall : 1.0, F1-Score : 1.0","Acc : 1.0, Prec : 1.0,Recall : 1.0, F1-Score : 1.0","Acc : 1.0, Prec : 1.0,Recall : 1.0, F1-Score : 1.0","Acc : 1.0, Prec : 1.0,Recall : 1.0, F1-Score : 1.0","Acc : 1.0, Prec : 1.0,Recall : 1.0, F1-Score : 1.0","Acc : 1.0, Prec : 1.0,Recall : 1.0, F1-Score : 1.0","Acc : 1.0, Prec : 1.0,Recall : 1.0, F1-Score : 1.0","Acc : 1.0, Prec : 1.0,Recall : 1.0, F1-Score : 1.0"
triangle,rgb,0.7824,0.7222,1.0,0.8387,,"Acc : 0.75, Prec : 0.0,Recall : 1.0, F1-Score : 0.0","Acc : 1.0, Prec : 1.0,Recall : 1.0, F1-Score : 1.0","Acc : 0.0, Prec : 0.0,Recall : 1.0, F1-Score : 0.0","Acc : 1.0, Prec : 1.0,Recall : 1.0, F1-Score : 1.0","Acc : 1.0, Prec : 1.0,Recall : 1.0, F1-Score : 1.0","Acc : 0.0, Prec : 0.0,Recall : 1.0, F1-Score : 0.0","Acc : 1.0, Prec : 1.0,Recall : 1.0, F1-Score : 1.0","Acc : 1.0, Prec : 1.0,Recall : 1.0, F1-Score : 1.0","Acc : 0.0, Prec : 0.0,Recall : 1.0, F1-Score : 0.0","Acc : 1.0, Prec : 1.0,Recall : 1.0, F1-Score : 1.0","Acc : 1.0, Prec : 1.0,Recall : 1.0, F1-Score : 1.0","Acc : 1.0, Prec : 1.0,Recall : 1.0, F1-Score : 1.0","Acc : 1.0, Prec : 1.0,Recall : 1.0, F1-Score : 1.0","Acc : 1.0, Prec : 1.0,Recall : 1.0, F1-Score : 1.0","Acc : 0.3333, Prec : 0.0,Recall : 1.0, F1-Score : 0.0","Acc : 1.0, Prec : 1.0,Recall : 1.0, F1-Score : 1.0","Acc : 1.0, Prec : 1.0,Recall : 1.0, F1-Score : 1.0","Acc : 1.0, Prec : 1.0,Recall : 1.0, F1-Score : 1.0"
triangle,shape,0.9481,0.8889,0.9444,0.9158,,"Acc : 1.0, Prec : 1.0,Recall : 1.0, F1-Score : 1.0","Acc : 0.6, Prec : 0.0,Recall : 1.0, F1-Score : 0.0","Acc : 1.0, Prec : 1.0,Recall : 1.0, F1-Score : 1.0","Acc : 1.0, Prec : 1.0,Recall : 1.0, F1-Score : 1.0","Acc : 1.0, Prec : 1.0,Recall : 1.0, F1-Score : 1.0","Acc : 1.0, Prec : 1.0,Recall : 1.0, F1-Score : 1.0","Acc : 1.0, Prec : 1.0,Recall : 1.0, F1-Score : 1.0","Acc : 1.0, Prec : 1.0,Recall : 1.0, F1-Score : 1.0","Acc : 1.0, Prec : 1.0,Recall : 1.0, F1-Score : 1.0","Acc : 0.6667, Prec : 0.0,Recall : 1.0, F1-Score : 0.0","Acc : 1.0, Prec : 1.0,Recall : 1.0, F1-Score : 1.0","Acc : 1.0, Prec : 1.0,Recall : 1.0, F1-Score : 1.0","Acc : 1.0, Prec : 1.0,Recall : 1.0, F1-Score : 1.0","Acc : 0.8, Prec : 1.0,Recall : 0.0, F1-Score : 0.0","Acc : 1.0, Prec : 1.0,Recall : 1.0, F1-Score : 1.0","Acc : 1.0, Prec : 1.0,Recall : 1.0, F1-Score : 1.0","Acc : 1.0, Prec : 1.0,Recall : 1.0, F1-Score : 1.0","Acc : 1.0, Prec : 1.0,Recall : 1.0, F1-Score : 1.0"
white,rgb,1.0,1.0,1.0,1.0,,"Acc : 1.0, Prec : 1.0,Recall : 1.0, F1-Score : 1.0","Acc : 1.0, Prec : 1.0,Recall : 1.0, F1-Score : 1.0","Acc : 1.0, Prec : 1.0,Recall : 1.0, F1-Score : 1.0","Acc : 1.0, Prec : 1.0,Recall : 1.0, F1-Score : 1.0","Acc : 1.0, Prec : 1.0,Recall : 1.0, F1-Score : 1.0","Acc : 1.0, Prec : 1.0,Recall : 1.0, F1-Score : 1.0","Acc : 1.0, Prec : 1.0,Recall : 1.0, F1-Score : 1.0","Acc : 1.0, Prec : 1.0,Recall : 1.0, F1-Score : 1.0","Acc : 1.0, Prec : 1.0,Recall : 1.0, F1-Score : 1.0","Acc : 1.0, Prec : 1.0,Recall : 1.0, F1-Score : 1.0","Acc : 1.0, Prec : 1.0,Recall : 1.0, F1-Score : 1.0","Acc : 1.0, Prec : 1.0,Recall : 1.0, F1-Score : 1.0","Acc : 1.0, Prec : 1.0,Recall : 1.0, F1-Score : 1.0","Acc : 1.0, Prec : 1.0,Recall : 1.0, F1-Score : 1.0","Acc : 1.0, Prec : 1.0,Recall : 1.0, F1-Score : 1.0","Acc : 1.0, Prec : 1.0,Recall : 1.0, F1-Score : 1.0","Acc : 1.0, Prec : 1.0,Recall : 1.0, F1-Score : 1.0","Acc : 1.0, Prec : 1.0,Recall : 1.0, F1-Score : 1.0"
white,shape,0.9778,0.9444,1.0,0.9714,,"Acc : 1.0, Prec : 1.0,Recall : 1.0, F1-Score : 1.0","Acc : 1.0, Prec : 1.0,Recall : 1.0, F1-Score : 1.0","Acc : 1.0, Prec : 1.0,Recall : 1.0, F1-Score : 1.0","Acc : 1.0, Prec : 1.0,Recall : 1.0, F1-Score : 1.0","Acc : 1.0, Prec : 1.0,Recall : 1.0, F1-Score : 1.0","Acc : 1.0, Prec : 1.0,Recall : 1.0, F1-Score : 1.0","Acc : 1.0, Prec : 1.0,Recall : 1.0, F1-Score : 1.0","Acc : 0.6, Prec : 0.0,Recall : 1.0, F1-Score : 0.0","Acc : 1.0, Prec : 1.0,Recall : 1.0, F1-Score : 1.0","Acc : 1.0, Prec : 1.0,Recall : 1.0, F1-Score : 1.0","Acc : 1.0, Prec : 1.0,Recall : 1.0, F1-Score : 1.0","Acc : 1.0, Prec : 1.0,Recall : 1.0, F1-Score : 1.0","Acc : 1.0, Prec : 1.0,Recall : 1.0, F1-Score : 1.0","Acc : 1.0, Prec : 1.0,Recall : 1.0, F1-Score : 1.0","Acc : 1.0, Prec : 1.0,Recall : 1.0, F1-Score : 1.0","Acc : 1.0, Prec : 1.0,Recall : 1.0, F1-Score : 1.0","Acc : 1.0, Prec : 1.0,Recall : 1.0, F1-Score : 1.0","Acc : 1.0, Prec : 1.0,Recall : 1.0, F1-Score : 1.0"
yellow,rgb,0.9444,1.0,0.9444,0.9714,,"Acc : 0.0, Prec : 1.0,Recall : 0.0, F1-Score : 0.0","Acc : 1.0, Prec : 1.0,Recall : 1.0, F1-Score : 1.0","Acc : 1.0, Prec : 1.0,Recall : 1.0, F1-Score : 1.0","Acc : 1.0, Prec : 1.0,Recall : 1.0, F1-Score : 1.0","Acc : 1.0, Prec : 1.0,Recall : 1.0, F1-Score : 1.0","Acc : 1.0, Prec : 1.0,Recall : 1.0, F1-Score : 1.0","Acc : 1.0, Prec : 1.0,Recall : 1.0, F1-Score : 1.0","Acc : 1.0, Prec : 1.0,Recall : 1.0, F1-Score : 1.0","Acc : 1.0, Prec : 1.0,Recall : 1.0, F1-Score : 1.0","Acc : 1.0, Prec : 1.0,Recall : 1.0, F1-Score : 1.0","Acc : 1.0, Prec : 1.0,Recall : 1.0, F1-Score : 1.0","Acc : 1.0, Prec : 1.0,Recall : 1.0, F1-Score : 1.0","Acc : 1.0, Prec : 1.0,Recall : 1.0, F1-Score : 1.0","Acc : 1.0, Prec : 1.0,Recall : 1.0, F1-Score : 1.0","Acc : 1.0, Prec : 1.0,Recall : 1.0, F1-Score : 1.0","Acc : 1.0, Prec : 1.0,Recall : 1.0, F1-Score : 1.0","Acc : 1.0, Prec : 1.0,Recall : 1.0, F1-Score : 1.0","Acc : 1.0, Prec : 1.0,Recall : 1.0, F1-Score : 1.0"
yellow,shape,0.9491,0.8333,1.0,0.9091,,"Acc : 1.0, Prec : 1.0,Recall : 1.0, F1-Score : 1.0","Acc : 1.0, Prec : 1.0,Recall : 1.0, F1-Score : 1.0","Acc : 1.0, Prec : 1.0,Recall : 1.0, F1-Score : 1.0","Acc : 0.5, Prec : 0.0,Recall : 1.0, F1-Score : 0.0","Acc : 0.75, Prec : 0.0,Recall : 1.0, F1-Score : 0.0","Acc : 1.0, Prec : 1.0,Recall : 1.0, F1-Score : 1.0","Acc : 1.0, Prec : 1.0,Recall : 1.0, F1-Score : 1.0","Acc : 1.0, Prec : 1.0,Recall : 1.0, F1-Score : 1.0","Acc : 1.0, Prec : 1.0,Recall : 1.0, F1-Score : 1.0","Acc : 1.0, Prec : 1.0,Recall : 1.0, F1-Score : 1.0","Acc : 0.8333, Prec : 0.0,Recall : 1.0, F1-Score : 0.0","Acc : 1.0, Prec : 1.0,Recall : 1.0, F1-Score : 1.0","Acc : 1.0, Prec : 1.0,Recall : 1.0, F1-Score : 1.0","Acc : 1.0, Prec : 1.0,Recall : 1.0, F1-Score : 1.0","Acc : 1.0, Prec : 1.0,Recall : 1.0, F1-Score : 1.0","Acc : 1.0, Prec : 1.0,Recall : 1.0, F1-Score : 1.0","Acc : 1.0, Prec : 1.0,Recall : 1.0, F1-Score : 1.0","Acc : 1.0, Prec : 1.0,Recall : 1.0, F1-Score : 1.0"
